{
    "energy0": [
        {
            "m/z": 144.08078,
            "intensity": 100.0,
            "other": 12
        },
        {
            "m/z": 175.12297,
            "intensity": 5.96,
            "other": 0
        }
    ]
}